{"cameraMode":{"drawMode":0,"name":"Shaded","section":"Shading Mode"},"sceneLighting":true,"audioPlay":false,"sceneViewState":{"m_AlwaysRefresh":false,"showFog":true,"showSkybox":true,"showFlares":true,"showImageEffects":true,"showParticleSystems":true,"showVisualEffectGraphs":true,"m_FxEnabled":true},"in2DMode":false,"pivot":{"x":-11.511280059814454,"y":-0.17508256435394288,"z":1.3745367527008057},"rotation":{"x":-0.07045117765665055,"y":-0.09204194694757462,"z":0.006523015443235636,"w":-0.9932553172111511},"size":17.249431610107423,"orthographic":false}