{"cameraMode":{"drawMode":0,"name":"Shaded","section":"Shading Mode"},"sceneLighting":true,"audioPlay":false,"sceneViewState":{"m_AlwaysRefresh":false,"showFog":true,"showSkybox":true,"showFlares":true,"showImageEffects":true,"showParticleSystems":true,"showVisualEffectGraphs":true,"m_FxEnabled":true},"in2DMode":false,"pivot":{"x":-2.2842788696289064,"y":-1.3264776468276978,"z":9.355130195617676},"rotation":{"x":-0.06176631152629852,"y":-0.012878560461103917,"z":0.0007973000174388289,"w":-0.9980179071426392},"size":9.816306114196778,"orthographic":false}